{
  "R": [
    [
      0.9999203084828175,
      0.012624217524593546,
      7.62595528946107e-05
    ],
    [
      0.012566947116523862,
      -0.9959236785605162,
      0.08932020108945787
    ],
    [
      0.0012035463423379425,
      -0.08931212467734966,
      -0.996002959765592
    ]
  ],
  "t": [
    -179.71177790865386,
    -283.5043038144485,
    390.48602535542284
  ],
  "rmse": 4.148546978277954,
  "count": 9
}